ID,Age
1,20
2,22.3333333333333
3,27.4
4,24.4285714285714
5,24.4285714285714
6,30.3333333333333
7,22.875
8,25.7777777777778
9,20
10,25.7777777777778
11,24.4285714285714
12,24.9
13,25.7777777777778
14,23.1666666666667
15,24.9
16,20
17,24.9
18,27.4
19,27.4
20,22.3333333333333
21,22.875
22,24.9
23,24.9
24,22.3333333333333
25,25.7777777777778
26,24.4285714285714
27,22.3333333333333
28,27.4
29,20
30,25.7777777777778
